{"cameraMode":{"drawMode":0,"name":"Shaded","section":"Shading Mode"},"sceneLighting":false,"audioPlay":false,"sceneViewState":{"showFog":true,"showMaterialUpdate":false,"showSkybox":false,"showFlares":true,"showImageEffects":true,"showParticleSystems":true},"in2DMode":false,"pivot":{"x":0.17590166628360749,"y":0.4266924262046814,"z":1.822081208229065},"rotation":{"x":0.2638131082057953,"y":0.013602161779999733,"z":-0.0037199321668595077,"w":0.9644727110862732},"size":0.8165063261985779,"orthographic":false}